,id,text,order,weight
0,q2,is a mammal,2,0.8571428571428571
1,q0,survives outside of water,0,0.47619047619047616
2,q5,has stripes,5,0.2857142857142857
3,q1,has a fin,1,0.2857142857142857
4,q3,is a reptile,3,0.2857142857142857
5,q4,has a blowhole on the top of his head,4,0.19047619047619047
6,q6,feeds on carrion,6,0.09523809523809523
7,q7,is associated with nordic mythos,7,0.09523809523809523
8,q8,is usually domesticated,8,0.0
